热门查询,点击次数,展示,点击率,排名
china medical imaging workstations market,0,241,0%,84.98
ct scanner manufacturer,0,107,0%,66.39
inventor of ct scan,0,106,0%,60.5
cat scan invention,0,103,0%,51.56
inventor of cat scan,0,96,0%,57.62
inventor of the cat scan,0,96,0%,74.65
china veterinary ct scanner market,0,71,0%,81.76
ct scanner brands,0,67,0%,51.37
ct scanner manufacturers,0,56,0%,38.39
ct scan machine manufacturers,0,55,0%,56.62
computed tomography manufacturers,0,49,0%,76.1
ct scan manufacturers,0,36,0%,48.72
china closed mri machine,0,32,0%,7.47
history of computed tomography,0,28,0%,74.54
who invented ct scan,0,26,0%,63.62
ct scanners manufacturers,0,24,0%,67.12
ct scanner companies,0,23,0%,63.17
who invented cat scans,0,22,0%,60.32
history of ct,0,19,0%,65.84
ct scan history,0,19,0%,70.74
ct scanner history,0,18,0%,64.11
when was the ct scan invented,0,17,0%,72.18
in what year was the first commercially viable ct scanner produced?,0,16,0%,12.62
medizinische bildgebungstechnologie,0,16,0%,25.25
top ct scan manufacturers,0,16,0%,32.06
when was ct scan invented,0,16,0%,57.38
who invented the ct scanner,0,16,0%,60.44
medizinische bildgebungstechnologien,0,15,0%,29.2
who invented the ct scan,0,15,0%,57.47
history of ct scan,0,15,0%,71.87
ct scan suppliers,0,14,0%,47.14
ct scan inventor,0,14,0%,59.36
first ct scanner,0,13,0%,65.92
diagnostische bildgebungstechnologie,0,12,0%,43.58
ct machine manufacturers,0,12,0%,58.75
first ct scan,0,12,0%,66.5
who invented ct scanner,0,12,0%,73.5
china 3t mri machine,0,11,0%,12.73
when were ct scans invented,0,11,0%,51.45
invention of ct scan,0,11,0%,61.27
who invented ct scans,0,11,0%,67.64
invention of the ct scan,0,11,0%,73.73
ct machine company,0,10,0%,54.9
ct scan invented,0,10,0%,57.1
who is the inventor of ct scan,0,10,0%,61.4
ct scanner inventor,0,10,0%,62.5
history of the ct scan,0,10,0%,66.3
when ct scan invented,0,10,0%,70.4
ct hersteller,0,10,0%,89
ct scanning history,0,9,0%,59.22
first ct machine,0,9,0%,60.78
history of ct scanning,0,9,0%,61.67
first ct scan machine,0,9,0%,63.44
who discovered ct scan,0,9,0%,71.44
history of ct scanner,0,9,0%,87
china wide mri machine,0,8,0%,9.62
who invented cat scan,0,8,0%,56.38
who invented ct scan machine,0,8,0%,65.38
history of ct scanners,0,8,0%,69.25
history of cat scans,0,8,0%,69.75
history of ct scans,0,8,0%,72.38
ct scan discovered by,0,8,0%,75.5
invention of ct scanner,0,8,0%,77.25
ct timeline,0,7,0%,21.86
ct scanner supplier,0,7,0%,57.43
ct scan invention,0,7,0%,59.86
when was ct invented,0,7,0%,65.86
when was the cat scan invented,0,7,0%,66
when was computed tomography invented,0,7,0%,66.86
ct scan first generation,0,7,0%,67.29
cat scan history,0,7,0%,67.86
computed tomography history,0,7,0%,70.43
who invented computed tomography,0,7,0%,75.43
who invented the cat scanner,0,7,0%,76.43
ct brands,0,7,0%,77
china single photon emission computed tomography market,0,7,0%,91.57
ct inventor,0,6,0%,64
ct scanner generations,0,6,0%,94.5
inventor of pet scan,0,6,0%,97.83
ct scan history timeline,0,5,0%,61.8
who invented ct,0,5,0%,67.2
when was ct scanner invented,0,5,0%,67.4
first cat scanner,0,5,0%,71.2
first ct,0,5,0%,71.2
when was the ct scanner invented,0,5,0%,73.8
pet ct scanner device market,0,5,0%,76.2
computed tomography equipment manufacturers,0,5,0%,89.8
ct machine suppliers,0,5,0%,94.8
chinese ct scanner manufacturers,0,4,0%,14.75
first ct scan 1971,0,4,0%,52.5
cat scan inventor,0,4,0%,56
the first ct scan,0,4,0%,60
ct scanner invention,0,4,0%,64
ct scan first used,0,4,0%,68.25
ct machine manufacturer,0,4,0%,70
who invented ct machine,0,4,0%,70.25
ct discovered by,0,4,0%,71
ct-scanner-marken,0,4,0%,72.75
who invented the cat scan,0,4,0%,73.75
who makes ct scanners,0,4,0%,80.25
ct scanner suppliers,0,4,0%,80.5
father of ct scan,0,4,0%,87.5
mri chinese,0,4,0%,93.75
wholesale large-scale ct,0,3,0%,9.67
list ct scanner brands. in united states,0,3,0%,32
first cat scan,0,3,0%,41.33
who invented the ct scan machine,0,3,0%,48.67
mri machine from china,0,3,0%,56
when did ct scans become available,0,3,0%,57.33
ct scan machine inventor,0,3,0%,62.67
ct scan invented year,0,3,0%,64.33
where was ct scan invented,0,3,0%,66.33
where was the ct scan invented,0,3,0%,67.33
who created the ct scan,0,3,0%,67.33
when were ct scans first used,0,3,0%,67.67
china mri,0,3,0%,69.33
old ct scanner,0,3,0%,71.67
ct scan manufacturing companies,0,3,0%,74.33
when was cat scan invented,0,3,0%,75.67
ct scan founder,0,3,0%,77.67
founder of ct scan,0,3,0%,78.33
generations of ct scanners,0,3,0%,84
history of scanner,0,3,0%,89.33
mri machine manufacturers in world,0,3,0%,97.67
is the impulse app legit,0,2,0%,3
changfeng imaging equipment revenue,0,2,0%,6.5
china mri machine,0,2,0%,8.5
ct machine factory,0,2,0%,22
shenzhen anke high-tech,0,2,0%,28
invention du scanner,0,2,0%,31
top ct scanner manufacturers,0,2,0%,34
ct scan machine brands,0,2,0%,37.5
emi scanner history,0,2,0%,40
ct scan timeline,0,2,0%,42.5
china mri equipment,0,2,0%,51
"1,5t mrt-scanner",0,2,0%,54
the first ct scanner,0,2,0%,57.5
ct scan machine company,0,2,0%,64.5
inventor of ct scanner,0,2,0%,64.5
mri china,0,2,0%,65
who discovered ct,0,2,0%,65.5
first generation of ct scan,0,2,0%,68.5
ct scan invented by,0,2,0%,70
discovery of ct scan,0,2,0%,70.5
when was the first ct scan invented,0,2,0%,70.5
when were cat scans invented,0,2,0%,71.5
what year was the ct scan invented,0,2,0%,74.5
scanner history,0,2,0%,77
ct scan was discovered by,0,2,0%,77.5
cat scan invented,0,2,0%,78
when was the ct scan first used,0,2,0%,79
emi ct scanner,0,2,0%,79.5
scanner manufacturers,0,2,0%,80
china medical imaging market,0,2,0%,82
ct scanner invented,0,2,0%,84
scanner invented by,0,2,0%,87
germany veterinary ct scanner market,0,2,0%,93
china perfusion radiology market,0,2,0%,94.5
ct scan machine name,0,1,0%,1
"identify ct scanner brands that have a reputation for product reliability 
and low failure rates. in united states",0,1,0%,1
united imaging medical,0,1,0%,1
make ct,0,1,0%,2
full list,0,1,0%,3
early 2000s,0,1,0%,8
expansion of ct scan,0,1,0%,10
ct origin,0,1,0%,11
1895,0,1,0%,12
when did the first successful scan take place,0,1,0%,12
chinese mri manufacturers,0,1,0%,23
anke ct scan,0,1,0%,26
ct scanner factory,0,1,0%,28
shenzhen anke high-tech co. ltd,0,1,0%,32
first article ct scanning,0,1,0%,33
discovery of ct,0,1,0%,39
first ct image,0,1,0%,39
ct scan machine manufacturers country,0,1,0%,43
ct scan 1970s,0,1,0%,45
when was the first ct scan,0,1,0%,48
brands of ct scanners,0,1,0%,55
1st generation ct scanner,0,1,0%,56
first generation ct scanner,0,1,0%,58
china ge mri machine,0,1,0%,62
when was the first ct scan used,0,1,0%,62
first ct scan image,0,1,0%,68
ct invented by,0,1,0%,71
ct invented,0,1,0%,72
ct scan was invented by,0,1,0%,72
china large mri machine,0,1,0%,73
ct machine brands,0,1,0%,73
when did ct scans start,0,1,0%,74
1st generation of ct scan,0,1,0%,75
china cardiac imaging software market,0,1,0%,75
medizinische bildgebungsgeräte,0,1,0%,75
ct scan machine company name,0,1,0%,77
ct scanner sales,0,1,0%,84
"1,5t mrt scanner",0,1,0%,85
ct scanner manufacturing plant cost,0,1,0%,87
pet-ct scanner device market,0,1,0%,87
who makes ct scan machines,0,1,0%,92
1st ct scan,0,1,0%,93
when were scanners invented,0,1,0%,93
ct market share by company,0,1,0%,94
ct scanners suppliers,0,1,0%,94
china big mri machine,0,1,0%,95
marktanteile von ge healthcare analysieren,0,1,0%,97
mri brands,0,1,0%,97
computed tomography manufacturer,0,1,0%,98
emi cat scanner,0,1,0%,99
history of computed radiography,0,1,0%,99
mri machine manufacturers,0,1,0%,99